{
"type": "FeatureCollection",
"crs": { "type": "name", "properties": { "name": "urn:ogc:def:crs:EPSG::4610" } },
                                                                                
"features": [
{ "type": "Feature", "properties": { "name": "海门", "value": 9 }, "geometry": { "type": "Point", "coordinates": [ 121.15,31.89 ] } },
{ "type": "Feature", "properties": { "name": "鄂尔多斯", "value": 12 }, "geometry": { "type": "Point", "coordinates": [ 109.781327,39.608266 ] } },
{ "type": "Feature", "properties": { "name": "招远", "value": 120 }, "geometry": { "type": "Point", "coordinates": [ 120.38,37.35 ] } },
{ "type": "Feature", "properties": { "name": "舟山", "value": 12 }, "geometry": { "type": "Point", "coordinates": [ 122.207216,29.985295 ] } },
{ "type": "Feature", "properties": { "name": "齐齐哈尔", "value": 14 }, "geometry": { "type": "Point", "coordinates": [ 123.97,47.33 ] } },
{ "type": "Feature", "properties": { "name": "盐城", "value": 15 }, "geometry": { "type": "Point", "coordinates": [ 120.13,33.38 ] } },
{ "type": "Feature", "properties": { "name": "赤峰", "value": 16 }, "geometry": { "type": "Point", "coordinates": [ 118.87,42.28 ] } },
{ "type": "Feature", "properties": { "name": "青岛", "value": 18 }, "geometry": { "type": "Point", "coordinates": [ 120.33,36.07 ] } },
{ "type": "Feature", "properties": { "name": "乳山", "value": 18 }, "geometry": { "type": "Point", "coordinates": [ 121.52,36.89 ] } },
{ "type": "Feature", "properties": { "name": "金昌", "value": 19 }, "geometry": { "type": "Point", "coordinates": [ 102.188043,38.520089 ] } },
{ "type": "Feature", "properties": { "name": "泉州", "value": 21 }, "geometry": { "type": "Point", "coordinates": [ 118.58,24.93 ] } },
{ "type": "Feature", "properties": { "name": "莱西", "value": 21 }, "geometry": { "type": "Point", "coordinates": [ 120.53,36.86 ] } },
{ "type": "Feature", "properties": { "name": "日照", "value": 21 }, "geometry": { "type": "Point", "coordinates": [ 119.46,35.42 ] } },
{ "type": "Feature", "properties": { "name": "胶南", "value": 22 }, "geometry": { "type": "Point", "coordinates": [ 119.97,35.88 ] } },
{ "type": "Feature", "properties": { "name": "南通", "value": 23 }, "geometry": { "type": "Point", "coordinates": [ 121.05,32.08 ] } },
{ "type": "Feature", "properties": { "name": "拉萨", "value": 24 }, "geometry": { "type": "Point", "coordinates": [ 91.11,29.97 ] } },
{ "type": "Feature", "properties": { "name": "云浮", "value": 24 }, "geometry": { "type": "Point", "coordinates": [ 112.02,22.93 ] } },
{ "type": "Feature", "properties": { "name": "梅州", "value": 25 }, "geometry": { "type": "Point", "coordinates": [ 116.1,24.55 ] } },
{ "type": "Feature", "properties": { "name": "文登", "value": 25 }, "geometry": { "type": "Point", "coordinates": [ 122.05,37.2 ] } },
{ "type": "Feature", "properties": { "name": "上海", "value": 25 }, "geometry": { "type": "Point", "coordinates": [ 121.48,31.22 ] } },
{ "type": "Feature", "properties": { "name": "攀枝花", "value": 25 }, "geometry": { "type": "Point", "coordinates": [ 101.718637,26.582347 ] } },
{ "type": "Feature", "properties": { "name": "威海", "value": 25 }, "geometry": { "type": "Point", "coordinates": [ 122.1,37.5 ] } },
{ "type": "Feature", "properties": { "name": "承德", "value": 25 }, "geometry": { "type": "Point", "coordinates": [ 117.93,40.97 ] } },
{ "type": "Feature", "properties": { "name": "厦门", "value": 26 }, "geometry": { "type": "Point", "coordinates": [ 118.1,24.46 ] } },
{ "type": "Feature", "properties": { "name": "汕尾", "value": 26 }, "geometry": { "type": "Point", "coordinates": [ 115.375279,22.786211 ] } },
{ "type": "Feature", "properties": { "name": "潮州", "value": 26 }, "geometry": { "type": "Point", "coordinates": [ 116.63,23.68 ] } },
{ "type": "Feature", "properties": { "name": "丹东", "value": 27 }, "geometry": { "type": "Point", "coordinates": [ 124.37,40.13 ] } },
{ "type": "Feature", "properties": { "name": "太仓", "value": 27 }, "geometry": { "type": "Point", "coordinates": [ 121.1,31.45 ] } },
{ "type": "Feature", "properties": { "name": "曲靖", "value": 27 }, "geometry": { "type": "Point", "coordinates": [ 103.79,25.51 ] } },
{ "type": "Feature", "properties": { "name": "烟台", "value": 28 }, "geometry": { "type": "Point", "coordinates": [ 121.39,37.52 ] } },
{ "type": "Feature", "properties": { "name": "福州", "value": 29 }, "geometry": { "type": "Point", "coordinates": [ 119.3,26.08 ] } },
{ "type": "Feature", "properties": { "name": "瓦房店", "value": 30 }, "geometry": { "type": "Point", "coordinates": [ 121.979603,39.627114 ] } },
{ "type": "Feature", "properties": { "name": "即墨", "value": 30 }, "geometry": { "type": "Point", "coordinates": [ 120.45,36.38 ] } },
{ "type": "Feature", "properties": { "name": "抚顺", "value": 31 }, "geometry": { "type": "Point", "coordinates": [ 123.97,41.97 ] } },
{ "type": "Feature", "properties": { "name": "玉溪", "value": 31 }, "geometry": { "type": "Point", "coordinates": [ 102.52,24.35 ] } },
{ "type": "Feature", "properties": { "name": "张家口", "value": 31 }, "geometry": { "type": "Point", "coordinates": [ 114.87,40.82 ] } },
{ "type": "Feature", "properties": { "name": "阳泉", "value": 31 }, "geometry": { "type": "Point", "coordinates": [ 113.57,37.85 ] } },
{ "type": "Feature", "properties": { "name": "莱州", "value": 32 }, "geometry": { "type": "Point", "coordinates": [ 119.942327,37.177017 ] } },
{ "type": "Feature", "properties": { "name": "湖州", "value": 32 }, "geometry": { "type": "Point", "coordinates": [ 120.1,30.86 ] } },
{ "type": "Feature", "properties": { "name": "汕头", "value": 32 }, "geometry": { "type": "Point", "coordinates": [ 116.69,23.39 ] } },
{ "type": "Feature", "properties": { "name": "昆山", "value": 33 }, "geometry": { "type": "Point", "coordinates": [ 120.95,31.39 ] } },
{ "type": "Feature", "properties": { "name": "宁波", "value": 33 }, "geometry": { "type": "Point", "coordinates": [ 121.56,29.86 ] } },
{ "type": "Feature", "properties": { "name": "湛江", "value": 33 }, "geometry": { "type": "Point", "coordinates": [ 110.359377,21.270708 ] } },
{ "type": "Feature", "properties": { "name": "揭阳", "value": 34 }, "geometry": { "type": "Point", "coordinates": [ 116.35,23.55 ] } },
{ "type": "Feature", "properties": { "name": "荣成", "value": 34 }, "geometry": { "type": "Point", "coordinates": [ 122.41,37.16 ] } },
{ "type": "Feature", "properties": { "name": "连云港", "value": 35 }, "geometry": { "type": "Point", "coordinates": [ 119.16,34.59 ] } },
{ "type": "Feature", "properties": { "name": "葫芦岛", "value": 35 }, "geometry": { "type": "Point", "coordinates": [ 120.836932,40.711052 ] } },
{ "type": "Feature", "properties": { "name": "常熟", "value": 36 }, "geometry": { "type": "Point", "coordinates": [ 120.74,31.64 ] } },
{ "type": "Feature", "properties": { "name": "东莞", "value": 36 }, "geometry": { "type": "Point", "coordinates": [ 113.75,23.04 ] } },
{ "type": "Feature", "properties": { "name": "河源", "value": 36 }, "geometry": { "type": "Point", "coordinates": [ 114.68,23.73 ] } },
{ "type": "Feature", "properties": { "name": "淮安", "value": 36 }, "geometry": { "type": "Point", "coordinates": [ 119.15,33.5 ] } },
{ "type": "Feature", "properties": { "name": "泰州", "value": 36 }, "geometry": { "type": "Point", "coordinates": [ 119.9,32.49 ] } },
{ "type": "Feature", "properties": { "name": "南宁", "value": 37 }, "geometry": { "type": "Point", "coordinates": [ 108.33,22.84 ] } },
{ "type": "Feature", "properties": { "name": "营口", "value": 37 }, "geometry": { "type": "Point", "coordinates": [ 122.18,40.65 ] } },
{ "type": "Feature", "properties": { "name": "惠州", "value": 37 }, "geometry": { "type": "Point", "coordinates": [ 114.4,23.09 ] } },
{ "type": "Feature", "properties": { "name": "江阴", "value": 37 }, "geometry": { "type": "Point", "coordinates": [ 120.26,31.91 ] } },
{ "type": "Feature", "properties": { "name": "蓬莱", "value": 37 }, "geometry": { "type": "Point", "coordinates": [ 120.75,37.8 ] } },
{ "type": "Feature", "properties": { "name": "韶关", "value": 38 }, "geometry": { "type": "Point", "coordinates": [ 113.62,24.84 ] } },
{ "type": "Feature", "properties": { "name": "嘉峪关", "value": 38 }, "geometry": { "type": "Point", "coordinates": [ 98.289152,39.77313 ] } },
{ "type": "Feature", "properties": { "name": "广州", "value": 38 }, "geometry": { "type": "Point", "coordinates": [ 113.23,23.16 ] } },
{ "type": "Feature", "properties": { "name": "延安", "value": 38 }, "geometry": { "type": "Point", "coordinates": [ 109.47,36.6 ] } },
{ "type": "Feature", "properties": { "name": "太原", "value": 39 }, "geometry": { "type": "Point", "coordinates": [ 112.53,37.87 ] } },
{ "type": "Feature", "properties": { "name": "清远", "value": 39 }, "geometry": { "type": "Point", "coordinates": [ 113.01,23.7 ] } },
{ "type": "Feature", "properties": { "name": "中山", "value": 39 }, "geometry": { "type": "Point", "coordinates": [ 113.38,22.52 ] } },
{ "type": "Feature", "properties": { "name": "昆明", "value": 39 }, "geometry": { "type": "Point", "coordinates": [ 102.73,25.04 ] } },
{ "type": "Feature", "properties": { "name": "寿光", "value": 40 }, "geometry": { "type": "Point", "coordinates": [ 118.73,36.86 ] } },
{ "type": "Feature", "properties": { "name": "盘锦", "value": 40 }, "geometry": { "type": "Point", "coordinates": [ 122.070714,41.119997 ] } },
{ "type": "Feature", "properties": { "name": "长治", "value": 41 }, "geometry": { "type": "Point", "coordinates": [ 113.08,36.18 ] } },
{ "type": "Feature", "properties": { "name": "深圳", "value": 41 }, "geometry": { "type": "Point", "coordinates": [ 114.07,22.62 ] } },
{ "type": "Feature", "properties": { "name": "珠海", "value": 42 }, "geometry": { "type": "Point", "coordinates": [ 113.52,22.3 ] } },
{ "type": "Feature", "properties": { "name": "宿迁", "value": 43 }, "geometry": { "type": "Point", "coordinates": [ 118.3,33.96 ] } },
{ "type": "Feature", "properties": { "name": "咸阳", "value": 43 }, "geometry": { "type": "Point", "coordinates": [ 108.72,34.36 ] } },
{ "type": "Feature", "properties": { "name": "铜川", "value": 44 }, "geometry": { "type": "Point", "coordinates": [ 109.11,35.09 ] } },
{ "type": "Feature", "properties": { "name": "平度", "value": 44 }, "geometry": { "type": "Point", "coordinates": [ 119.97,36.77 ] } },
{ "type": "Feature", "properties": { "name": "佛山", "value": 44 }, "geometry": { "type": "Point", "coordinates": [ 113.11,23.05 ] } },
{ "type": "Feature", "properties": { "name": "海口", "value": 44 }, "geometry": { "type": "Point", "coordinates": [ 110.35,20.02 ] } },
{ "type": "Feature", "properties": { "name": "江门", "value": 45 }, "geometry": { "type": "Point", "coordinates": [ 113.06,22.61 ] } },
{ "type": "Feature", "properties": { "name": "章丘", "value": 45 }, "geometry": { "type": "Point", "coordinates": [ 117.53,36.72 ] } },
{ "type": "Feature", "properties": { "name": "肇庆", "value": 46 }, "geometry": { "type": "Point", "coordinates": [ 112.44,23.05 ] } },
{ "type": "Feature", "properties": { "name": "大连", "value": 47 }, "geometry": { "type": "Point", "coordinates": [ 121.62,38.92 ] } },
{ "type": "Feature", "properties": { "name": "临汾", "value": 47 }, "geometry": { "type": "Point", "coordinates": [ 111.5,36.08 ] } },
{ "type": "Feature", "properties": { "name": "吴江", "value": 47 }, "geometry": { "type": "Point", "coordinates": [ 120.63,31.16 ] } },
{ "type": "Feature", "properties": { "name": "石嘴山", "value": 49 }, "geometry": { "type": "Point", "coordinates": [ 106.39,39.04 ] } },
{ "type": "Feature", "properties": { "name": "沈阳", "value": 50 }, "geometry": { "type": "Point", "coordinates": [ 123.38,41.8 ] } },
{ "type": "Feature", "properties": { "name": "苏州", "value": 50 }, "geometry": { "type": "Point", "coordinates": [ 120.62,31.32 ] } },
{ "type": "Feature", "properties": { "name": "茂名", "value": 50 }, "geometry": { "type": "Point", "coordinates": [ 110.88,21.68 ] } },
{ "type": "Feature", "properties": { "name": "嘉兴", "value": 51 }, "geometry": { "type": "Point", "coordinates": [ 120.76,30.77 ] } },
{ "type": "Feature", "properties": { "name": "长春", "value": 51 }, "geometry": { "type": "Point", "coordinates": [ 125.35,43.88 ] } },
{ "type": "Feature", "properties": { "name": "长沙", "value": 175 }, "geometry": { "type": "Point", "coordinates": [ 113,28.21 ] } },
{ "type": "Feature", "properties": { "name": "衢州", "value": 177 }, "geometry": { "type": "Point", "coordinates": [ 118.88,28.97 ] } },
{ "type": "Feature", "properties": { "name": "廊坊", "value": 193 }, "geometry": { "type": "Point", "coordinates": [ 116.7,39.53 ] } },
{ "type": "Feature", "properties": { "name": "菏泽", "value": 194 }, "geometry": { "type": "Point", "coordinates": [ 115.480656,35.23375 ] } },
{ "type": "Feature", "properties": { "name": "合肥", "value": 229 }, "geometry": { "type": "Point", "coordinates": [ 117.27,31.86 ] } },
{ "type": "Feature", "properties": { "name": "武汉", "value": 273 }, "geometry": { "type": "Point", "coordinates": [ 114.31,30.52 ] } },
{ "type": "Feature", "properties": { "name": "大庆", "value": 280 }, "geometry": { "type": "Point", "coordinates": [ 125.03,46.58 ] } }
]
}


